---,EnemyName,Health,Damage,PoiseAmount,CurrentSpeed,MaxSpeed,SightRange,HearingRange,Astral,DropItem,bIsBoss
Knight_001,"해골기사","350.000000","15.000000","100","300.000000","300.000000","800.000000","1000.000000","0","None","False"
Magician_001,"궁정마법사","300.000000","25.000000","80","250.000000","250.000000","1000.000000","1200.000000","0","None","False"
Wolf_001,"늑대","200.000000","10.000000","80","400.000000","400.000000","1000.000000","1600.000000","0","None","False"
Boss_001,"경비대장","3000.000000","24.000000","-1","248.000000","250.000000","800.000000","1000.000000","0","None","True"
Boss_002,"기사단장","10000.000000","55.000000","-1","300.000000","300.000000","1000.000000","1200.000000","0","None","True"
Rouge_001,"암살자","250.000000","20.000000","100","400.000000","400.000000","900.000000","1000.000000","0","None","False"
Warrior_001,"해골워리어","500.000000","30.000000","300","250.000000","250.000000","600.000000","800.000000","0","None","False"
Knight_002,"워로드","750.000000","40.000000","500","300.000000","300.000000","1000.000000","1200.000000","0","None","False"
